ashleigh,barty
carla-suarez,navarro
anna,blinkova
timea,babos
olga,govortsova
coco,vandeweghe
katerina,siniakova
yafan,wang
kiki,bertens
marta,kostyuk
​anastasija,sevastova
​zarina,diyas
​andrea,petkovic
​jasmine,paolini
​clara,tauson
​barbora,krejcikova
​victoria,azarenka
​kateryna,baindl
​sorana,cirstea
​samantha-murray,sharan
​emma,raducanu
​vitalia,diatchenko
​marketa,vondrousova
​anett,kontaveit
​daria,kasatkina
​patricia-maria,tig
​leylah,fernandez
​jelena,ostapenko
​greet,minnen
​ajla,tomljanovic
​aliz%C3%A9,cornet
​bianca,andreescu
​elina,svitolina
​alison-van,uytvanck
​magda,linette
​amanda,anisimova
​tsvetana,pironkova
​yulia,putintseva
​aliona,bolsova
​paula,badosa
​karolina,muchova
​shuai,zhang
​jil,teichmann
​camila,giorgi
​kristyna,pliskova
​astra,sharma
​ana,bogdan
​anastasia,pavlyuchenkova
​belinda,bencic
​kaja,juvan
​ellen,perez
​clara,burel
​elena,vesnina
​martina,trevisan
​francesca,jones
​cori,gauff
​angelique,kerber
​nina,stojanovic
​sara-sorribes,tormo
​ana,konjuh
​nao,hibino
​bernarda,pera
​aliaksandra,sasnovich
​serena,williams
​karolina,pliskova
​tamara,zidansek
​donna,vekic
​anastasia,potapova
​ann,li
​nadia,podoroska
​tereza,martincova
​alison-riske,amritraj
​jessica,pegula
​caroline,garcia
​liudmila,samsonova
​kaia,kanepi
​kristie,ahn
​heather,watson
​sloane,stephens
​petra,kvitova
​elise,mertens
​harriet,dart
​lin,zhu
​mona,barthel
​jodie,burrage
​lauren,davis
​katie,swan
​madison,keys
​veronika,kudermetova
​viktorija,golubic
​polona,hercog
​danielle,collins
​madison,brengle
​christina,mchale
​xinyu,wang
​sofia,kenin
​iga,swiatek
​su-wei,hsieh
​marie,bouzkova
​vera,zvonareva
irina-camelia,begu
​​katie,volynets
​​varvara,gracheva
​​petra,martic
​​ons,jabeur
​​rebecca,peterson
​​mihaela,buzarnescu
​​venus,williams
​​svetlana,kuznetsova
​​lesley-pattinama,kerkhove
​​fiona,ferro
​​garbi%C3%B1e,muguruza
​​maria,sakkari
​​arantxa,rus
​​shelby,rogers
​​samantha,stosur
​​misaki,doi
​​claire,liu
​​kristina,mladenovic
​​elena,rybakina
​​ekaterina,alexandrova
​​laura,siegemund
​​camila,osorio
​​anna,kalinskaya
​​danielle,lao
​​katie,boulter
​​monica,niculescu
​​aryna,sabalenka​ajla,tomljanovic
​aliaksandra,sasnovich
​aliona,bolsova
​alison-riske,amritraj
​alison-van,uytvanck
​aliz%C3%A9,cornet
​amanda,anisimova
​ana,bogdan
​ana,konjuh
​anastasia,pavlyuchenkova
​anastasia,potapova
​anastasija,sevastova
​andrea,petkovic
​anett,kontaveit
​angelique,kerber
anna,blinkova
​​anna,kalinskaya
​ann,li
​​arantxa,rus
​​aryna,sabalenka
ashleigh,barty
​astra,sharma
​barbora,krejcikova
​belinda,bencic
​bernarda,pera
​bianca,andreescu
​camila,giorgi
​​camila,osorio
carla-suarez,navarro
​caroline,garcia
​christina,mchale
​​claire,liu
​clara,burel
​clara,tauson
coco,vandeweghe
​cori,gauff
​danielle,collins
​​danielle,lao
​daria,kasatkina
​donna,vekic
​​ekaterina,alexandrova
​​elena,rybakina
​elena,vesnina
​elina,svitolina
​elise,mertens
​ellen,perez
​emma,raducanu
​​fiona,ferro
​francesca,jones
​​garbi%C3%B1e,muguruza
​greet,minnen
​harriet,dart
​heather,watson
​iga,swiatek
irina-camelia,begu
​jasmine,paolini
​jelena,ostapenko
​jessica,pegula
​jil,teichmann
​jodie,burrage
​kaia,kanepi
​kaja,juvan
​karolina,muchova
​karolina,pliskova
katerina,siniakova
​kateryna,baindl
​​katie,boulter
​katie,swan
​​katie,volynets
kiki,bertens
​kristie,ahn
​​kristina,mladenovic
​kristyna,pliskova
​​laura,siegemund
​lauren,davis
​​lesley-pattinama,kerkhove
​leylah,fernandez
​lin,zhu
​liudmila,samsonova
​madison,brengle
​madison,keys
​magda,linette
​​maria,sakkari
​marie,bouzkova
​marketa,vondrousova
marta,kostyuk
​martina,trevisan
​​mihaela,buzarnescu
​​misaki,doi
​mona,barthel
​​monica,niculescu
​nadia,podoroska
​nao,hibino
​nina,stojanovic
olga,govortsova
​​ons,jabeur
​patricia-maria,tig
​paula,badosa
​petra,kvitova
​​petra,martic
​polona,hercog
​​rebecca,peterson
​samantha-murray,sharan
​​samantha,stosur
​sara-sorribes,tormo
​serena,williams
​​shelby,rogers
​shuai,zhang
​sloane,stephens
​sofia,kenin
​sorana,cirstea
​su-wei,hsieh
​​svetlana,kuznetsova
​tamara,zidansek
​tereza,martincova
timea,babos
​tsvetana,pironkova
​​varvara,gracheva
​​venus,williams
​vera,zvonareva
​veronika,kudermetova
​victoria,azarenka
​viktorija,golubic
​vitalia,diatchenko
​xinyu,wang
yafan,wang
​yulia,putintseva
​zarina,diyas
