iga,swiatek
​lesia,tsurenko
​alison-riske,amritraj
​dayana,yastremska
​anna-karolina,schmiedlova
​kristina,kucova
​danka,kovinic
​liudmila,samsonova
​simona,halep
nastasja,schunk
maryna,zanevska
qinwen,zheng
alizé,corne
misaki,doi
lucia,bronzetti
jelena,ostapenko
jessica,pegula
qiang,wang
anhelina,kalinina
hailey,baptiste
mayar,sherif
marta,kostyuk
claire,liu
tamara,zidansek
ekaterina,alexandrova
greet,minnen
irina-camelia,begu
jasmine,paolini
leolia,jeanjean
nuria-parrizas,diaz
tessah,andrianjafitrimo
karolina,pliskova
paula,badosa
fiona,ferro
oksana,selekhmeteva
kaja,juvan
aleksandra,krunic
kamilla,rakhimova
lin,zhu
veronika,kudermetova
madison,keys
anna,kalinskaya
taylor,townsend
caroline,garcia
katie,volynets
viktorija,golubic
arantxa,rus
elena,rybakina
danielle,collins
viktoriya,tomova
shelby,rogers
tereza,martincova
panna,udvardy
fernanda-contreras,gomez
rebecca,sramkova
daria,kasatkina
camila,giorgi
shuai,zhan
irina,bara
yulia,putintseva
madison,brengl
mihaela,buzarnesc
chloe,paquet
aryna,sabalenka
ons,jabeur
magda,linette
martina,trevisan
harriet,dart
valentini,grammatikopoulou
daria,saville
anna,bondar
petra,kvitova
angelique,kerbe
magdalena,frech
heather,watson
elsa,jacquemot
aliaksandra,sasnovich
xinyu,wang
linda,noskova
emma,raducanu
belinda,bencic
reka-luca,jani
bianca,andreescu
ysaline,bonaventure
katerina,siniakova
petra,martic
kristina,mladenovic
leylah,fernandez
amanda,anisimova
naomi,osaka
mirjam,bjorklund
donna,vekic
carole,monnet
karolina,muchova
clara,burel
maria,sakkari
anett,kontaveit
ajla,tomljanovic
astra,sharma
varvara,gracheva
anastasia,gasanova
marie,bouzkova
elena-gabriela,ruse
elise,mertens
cori,gauff
rebecca,marino
alison-van,uytvanck
ann,li
beatriz-haddad,maia
cristina,bucsa
kaia,kane
garbine,muguruza
victoria,azarenk
ana,bogdan
oceane,dodin
andrea,petkovi
olga,danilovic
dalma,galfi
bernarda,pera
jil,teichmann
sorana,cirste
tatjana,mari
sloane,stephens
jule,niemeier
camila,osorio
harmony,tan
diane,parry
barbora,krejcikovaajla,tomljanovic
aleksandra,krunic
aliaksandra,sasnovich
​alison-riske,amritraj
alison-van,uytvanck
alizé,corne
amanda,anisimova
ana,bogdan
anastasia,gasanova
andrea,petkovi
anett,kontaveit
angelique,kerbe
anhelina,kalinina
anna,bondar
anna,kalinskaya
​anna-karolina,schmiedlova
ann,li
arantxa,rus
aryna,sabalenka
astra,sharma
barbora,krejcikova
beatriz-haddad,maia
belinda,bencic
bernarda,pera
bianca,andreescu
camila,giorgi
camila,osorio
carole,monnet
caroline,garcia
chloe,paquet
claire,liu
clara,burel
cori,gauff
cristina,bucsa
dalma,galfi
danielle,collins
​danka,kovinic
daria,kasatkina
daria,saville
​dayana,yastremska
diane,parry
donna,vekic
ekaterina,alexandrova
elena-gabriela,ruse
elena,rybakina
elise,mertens
elsa,jacquemot
emma,raducanu
fernanda-contreras,gomez
fiona,ferro
garbine,muguruza
greet,minnen
hailey,baptiste
harmony,tan
harriet,dart
heather,watson
iga,swiatek
irina,bara
irina-camelia,begu
jasmine,paolini
jelena,ostapenko
jessica,pegula
jil,teichmann
jule,niemeier
kaia,kane
kaja,juvan
kamilla,rakhimova
karolina,muchova
karolina,pliskova
katerina,siniakova
katie,volynets
​kristina,kucova
kristina,mladenovic
leolia,jeanjean
​lesia,tsurenko
leylah,fernandez
linda,noskova
lin,zhu
​liudmila,samsonova
lucia,bronzetti
madison,brengl
madison,keys
magdalena,frech
magda,linette
maria,sakkari
marie,bouzkova
marta,kostyuk
martina,trevisan
maryna,zanevska
mayar,sherif
mihaela,buzarnesc
mirjam,bjorklund
misaki,doi
naomi,osaka
nastasja,schunk
nuria-parrizas,diaz
oceane,dodin
oksana,selekhmeteva
olga,danilovic
ons,jabeur
panna,udvardy
paula,badosa
petra,kvitova
petra,martic
qiang,wang
qinwen,zheng
rebecca,marino
rebecca,sramkova
reka-luca,jani
shelby,rogers
shuai,zhan
​simona,halep
sloane,stephens
sorana,cirste
tamara,zidansek
tatjana,mari
taylor,townsend
tereza,martincova
tessah,andrianjafitrimo
valentini,grammatikopoulou
varvara,gracheva
veronika,kudermetova
victoria,azarenk
viktorija,golubic
viktoriya,tomova
xinyu,wang
ysaline,bonaventure
yulia,putintseva
ajla,tomljanovic
aleksandra,krunic
aleksandra,krunic
aliaksandra,sasnovich
aliaksandra,sasnovich
​alison-riske,amritraj
​alison-riske,amritraj
alison-van,uytvanck
alison-van,uytvanck
alizé,corne
alizé,corne
amanda,anisimova
amanda,anisimova
ana,bogdan
ana,bogdan
anastasia,gasanova
anastasia,gasanova
andrea,petkovi
andrea,petkovi
anett,kontaveit
anett,kontaveit
angelique,kerbe
angelique,kerbe
anhelina,kalinina
anhelina,kalinina
anna,bondar
anna,bondar
anna,kalinskaya
anna,kalinskaya
​anna-karolina,schmiedlova
​anna-karolina,schmiedlova
ann,li
ann,li
arantxa,rus
arantxa,rus
aryna,sabalenka
aryna,sabalenka
astra,sharma
astra,sharma
barbora,krejcikova
barbora,krejcikovaajla,tomljanovic
beatriz-haddad,maia
beatriz-haddad,maia
belinda,bencic
belinda,bencic
bernarda,pera
bernarda,pera
bianca,andreescu
bianca,andreescu
camila,giorgi
camila,giorgi
camila,osorio
camila,osorio
carole,monnet
carole,monnet
caroline,garcia
caroline,garcia
chloe,paquet
chloe,paquet
claire,liu
claire,liu
clara,burel
clara,burel
cori,gauff
cori,gauff
cristina,bucsa
cristina,bucsa
dalma,galfi
dalma,galfi
danielle,collins
danielle,collins
​danka,kovinic
​danka,kovinic
daria,kasatkina
daria,kasatkina
daria,saville
daria,saville
​dayana,yastremska
​dayana,yastremska
diane,parry
diane,parry
donna,vekic
donna,vekic
ekaterina,alexandrova
ekaterina,alexandrova
elena-gabriela,ruse
elena-gabriela,ruse
elena,rybakina
elena,rybakina
elise,mertens
elise,mertens
elsa,jacquemot
elsa,jacquemot
emma,raducanu
emma,raducanu
fernanda-contreras,gomez
fernanda-contreras,gomez
fiona,ferro
fiona,ferro
garbine,muguruza
garbine,muguruza
greet,minnen
greet,minnen
hailey,baptiste
hailey,baptiste
harmony,tan
harmony,tan
harriet,dart
harriet,dart
heather,watson
heather,watson
iga,swiatek
iga,swiatek
irina,bara
irina,bara
irina-camelia,begu
irina-camelia,begu
jasmine,paolini
jasmine,paolini
jelena,ostapenko
jelena,ostapenko
jessica,pegula
jessica,pegula
jil,teichmann
jil,teichmann
jule,niemeier
jule,niemeier
kaia,kane
kaia,kane
kaja,juvan
kaja,juvan
kamilla,rakhimova
kamilla,rakhimova
karolina,muchova
karolina,muchova
karolina,pliskova
karolina,pliskova
katerina,siniakova
katerina,siniakova
katie,volynets
katie,volynets
​kristina,kucova
​kristina,kucova
kristina,mladenovic
kristina,mladenovic
leolia,jeanjean
leolia,jeanjean
​lesia,tsurenko
​lesia,tsurenko
leylah,fernandez
leylah,fernandez
linda,noskova
linda,noskova
lin,zhu
lin,zhu
​liudmila,samsonova
​liudmila,samsonova
lucia,bronzetti
lucia,bronzetti
madison,brengl
madison,brengl
madison,keys
madison,keys
magdalena,frech
magdalena,frech
magda,linette
magda,linette
maria,sakkari
maria,sakkari
marie,bouzkova
marie,bouzkova
marta,kostyuk
marta,kostyuk
martina,trevisan
martina,trevisan
maryna,zanevska
maryna,zanevska
mayar,sherif
mayar,sherif
mihaela,buzarnesc
mihaela,buzarnesc
mirjam,bjorklund
mirjam,bjorklund
misaki,doi
misaki,doi
naomi,osaka
naomi,osaka
nastasja,schunk
nastasja,schunk
nuria-parrizas,diaz
nuria-parrizas,diaz
oceane,dodin
oceane,dodin
oksana,selekhmeteva
oksana,selekhmeteva
olga,danilovic
olga,danilovic
ons,jabeur
ons,jabeur
panna,udvardy
panna,udvardy
paula,badosa
paula,badosa
petra,kvitova
petra,kvitova
petra,martic
petra,martic
qiang,wang
qiang,wang
qinwen,zheng
qinwen,zheng
rebecca,marino
rebecca,marino
rebecca,sramkova
rebecca,sramkova
reka-luca,jani
reka-luca,jani
shelby,rogers
shelby,rogers
shuai,zhan
shuai,zhan
​simona,halep
​simona,halep
sloane,stephens
sloane,stephens
sorana,cirste
sorana,cirste
tamara,zidansek
tamara,zidansek
tatjana,mari
tatjana,mari
taylor,townsend
taylor,townsend
tereza,martincova
tereza,martincova
tessah,andrianjafitrimo
tessah,andrianjafitrimo
valentini,grammatikopoulou
valentini,grammatikopoulou
varvara,gracheva
varvara,gracheva
veronika,kudermetova
veronika,kudermetova
victoria,azarenk
victoria,azarenk
viktorija,golubic
viktorija,golubic
viktoriya,tomova
viktoriya,tomova
xinyu,wang
xinyu,wang
ysaline,bonaventure
ysaline,bonaventure
yulia,putintseva
yulia,putintseva
